date,Beef,Veal,Pork,Lamb and mutton,Other chicken,Turkey,Frozen eggs,Broiler
10/1/2015,496.37,5.92,656.38,41.98,10.59,453.42,32.31,762.11
9/1/2015,470.49,4.07,656.35,41.88,10.10,475.97,30.57,736.52
8/1/2015,459.48,3.85,633.21,39.06,7.32,494.04,27.41,727.15
7/1/2015,474.19,3.29,634.53,35.47,5.50,462.02,26.89,691.03
6/1/2015,476.30,4.68,654.77,38.36,4.95,439.16,28.09,707.47
5/1/2015,484.29,6.58,701.08,37.00,3.78,394.42,31.26,733.34
4/1/2015,481.47,8.16,672.43,34.25,1.89,345.58,31.98,719.65
3/1/2015,491.83,9.61,686.06,36.77,2.67,321.34,35.65,696.51
2/1/2015,491.99,8.29,596.32,35.21,3.89,280.40,34.67,688.01
1/1/2015,444.38,6.44,503.79,33.94,3.03,193.43,30.72,680.13
12/1/2014,400.83,5.32,492.75,31.37,2.26,187.56,30.35,664.61
11/1/2014,380.93,3.80,533.08,38.69,4.79,390.65,31.96,625.98
10/1/2014,378.17,2.33,550.62,39.69,6.93,484.55,31.13,592.96
9/1/2014,346.56,3.58,543.67,40.16,6.95,494.79,29.82,593.75
8/1/2014,367.94,3.95,533.26,33.97,5.54,489.76,31.45,596.98
7/1/2014,358.17,3.32,537.45,31.12,4.54,462.59,30.14,563.88
6/1/2014,377.64,2.75,575.82,25.21,4.85,422.50,28.30,584.49
5/1/2014,402.28,3.21,583.89,26.54,5.47,375.01,27.43,557.24
4/1/2014,405.79,2.92,575.54,28.08,5.10,336.38,29.04,564.37
3/1/2014,409.51,3.19,654.71,26.19,7.49,310.76,34.63,649.96
2/1/2014,429.30,3.29,618.75,25.66,7.08,275.79,34.69,658.64
1/1/2014,439.37,3.96,554.33,24.51,5.96,237.41,30.35,668.67
12/1/2013,450.76,3.21,546.24,21.70,4.87,221.22,29.75,709.01
11/1/2013,440.11,3.89,565.02,23.97,5.41,434.49,33.83,692.66
10/1/2013,445.16,4.57,567.83,23.44,3.16,541.18,33.58,650.64
9/1/2013,430.24,3.84,548.98,21.99,4.59,580.07,30.14,683.94
8/1/2013,462.60,5.90,543.67,23.32,4.34,581.36,26.12,673.56
7/1/2013,481.25,5.63,565.06,19.31,5.23,566.48,30.59,653.49
6/1/2013,482.57,5.00,658.95,19.79,5.04,521.56,28.86,666.93
5/1/2013,510.13,5.40,700.98,21.46,4.16,457.58,29.34,654.86
4/1/2013,511.23,5.77,647.78,17.62,1.53,401.25,27.14,607.05
3/1/2013,489.98,4.86,633.40,19.83,1.51,394.76,28.62,631.09
2/1/2013,484.61,5.01,606.43,18.77,3.47,360.02,29.66,643.37
1/1/2013,465.72,5.22,551.51,21.38,1.11,296.48,27.38,651.06
12/1/2012,441.76,3.94,558.69,18.98,1.21,255.19,27.25,645.89
11/1/2012,430.34,3.83,603.50,23.21,1.75,453.38,28.97,628.29
10/1/2012,424.93,3.97,630.45,23.45,3.07,521.81,31.38,622.96
9/1/2012,432.78,4.91,585.80,24.23,3.40,547.77,35.86,628.55
8/1/2012,461.05,4.13,549.62,24.29,4.30,547.47,38.65,614.94
7/1/2012,468.73,3.57,592.88,22.46,3.77,547.09,40.19,606.17
6/1/2012,497.90,4.11,636.02,19.68,2.89,498.42,34.50,605.53
5/1/2012,517.85,3.75,659.73,19.71,2.46,438.38,32.53,570.88
4/1/2012,503.17,4.50,610.32,21.85,1.79,375.27,33.67,546.72
3/1/2012,470.81,4.36,622.67,20.85,4.05,349.58,36.33,567.97
2/1/2012,485.06,3.00,585.31,19.28,2.53,297.74,37.42,573.15
1/1/2012,457.22,2.88,484.50,16.86,1.59,210.79,36.49,590.43
12/1/2011,443.76,3.24,495.12,19.01,1.23,194.23,32.97,619.00
11/1/2011,416.95,3.65,488.72,20.02,3.58,406.86,33.90,666.88
10/1/2011,427.59,3.16,491.91,22.22,7.86,509.65,31.89,639.40
9/1/2011,428.63,3.96,442.90,21.21,6.80,528.40,31.01,657.98
8/1/2011,415.20,3.62,454.34,21.03,5.50,524.85,33.92,718.41
7/1/2011,432.76,3.45,495.06,18.10,3.65,508.66,33.81,716.22
6/1/2011,447.64,3.86,548.32,15.06,3.84,447.90,29.03,716.97
5/1/2011,443.15,3.84,549.28,13.28,3.82,364.50,27.68,704.00
4/1/2011,445.53,3.78,574.40,12.87,3.98,325.69,27.29,660.78
3/1/2011,459.83,3.91,574.24,12.58,5.25,288.98,28.14,682.47
2/1/2011,461.73,3.61,538.75,13.28,3.95,253.53,26.79,739.54
1/1/2011,444.96,3.87,475.83,15.21,4.15,191.56,25.36,772.59
12/1/2010,435.17,5.70,467.95,16.50,2.13,174.11,22.91,737.57
11/1/2010,414.65,6.12,481.65,16.19,2.01,410.16,25.55,700.25
10/1/2010,396.82,5.48,424.32,18.05,2.47,473.75,26.05,678.25
9/1/2010,387.44,7.79,388.29,19.86,3.83,502.18,24.69,665.31
8/1/2010,388.80,6.53,391.19,22.06,2.18,501.51,24.68,636.49
7/1/2010,374.22,5.92,412.98,22.97,2.99,507.17,25.01,634.82
6/1/2010,362.78,8.51,446.05,20.45,2.61,461.81,22.42,663.52
5/1/2010,369.49,6.63,483.71,16.45,1.69,422.06,22.39,607.54
4/1/2010,384.60,7.78,513.07,16.31,1.61,379.72,21.62,596.09
3/1/2010,404.51,8.58,515.91,12.92,2.86,342.42,24.11,607.25
2/1/2010,426.26,8.07,492.29,11.76,2.82,302.06,24.34,610.82
1/1/2010,430.28,8.96,471.13,14.52,2.22,261.84,23.64,615.92
12/1/2009,430.91,8.05,482.82,15.05,2.82,244.48,21.16,640.35
11/1/2009,427.72,9.04,516.30,15.30,4.31,517.46,22.91,613.44
10/1/2009,428.91,9.03,528.68,17.43,4.98,613.89,21.59,613.05
9/1/2009,420.10,10.91,530.15,19.05,5.17,653.55,22.56,626.03
8/1/2009,444.81,10.13,539.70,20.06,5.05,641.06,22.58,661.69
7/1/2009,434.80,8.79,577.91,21.57,4.98,594.74,21.66,632.63
6/1/2009,417.88,7.97,584.54,19.69,4.34,585.75,21.71,622.64
5/1/2009,410.71,7.81,612.29,19.80,4.22,571.71,18.24,640.98
4/1/2009,425.88,5.98,594.13,19.27,3.88,513.38,20.34,619.85
3/1/2009,434.51,7.59,624.48,18.28,5.13,462.40,22.07,630.62
2/1/2009,462.65,7.18,606.94,19.47,4.08,446.20,22.56,676.54
1/1/2009,492.64,9.19,555.64,21.00,3.19,396.14,22.64,744.99
12/1/2008,481.56,7.92,526.68,21.66,4.74,360.38,21.26,788.45
11/1/2008,470.98,7.42,528.03,21.33,5.69,577.98,22.36,760.29
10/1/2008,454.52,7.90,526.17,20.80,6.96,621.48,21.89,728.47
9/1/2008,441.15,5.98,502.67,21.15,6.49,629.24,20.80,719.88
8/1/2008,430.82,4.72,505.27,19.72,5.43,620.69,21.10,708.59
7/1/2008,428.12,5.94,530.12,19.60,4.81,562.69,16.14,739.20
6/1/2008,420.37,6.28,579.40,18.41,2.96,522.42,12.44,724.61
5/1/2008,416.35,6.33,663.44,17.78,2.63,491.28,16.03,727.54
4/1/2008,426.71,5.75,657.34,17.12,1.77,428.13,16.30,746.64
3/1/2008,436.55,6.11,611.83,18.16,1.97,416.69,16.73,742.75
2/1/2008,450.78,6.59,574.93,15.18,1.57,327.59,12.01,752.21
1/1/2008,482.51,7.46,458.67,12.92,2.25,260.59,14.65,718.80
12/1/2007,475.31,5.38,474.57,13.10,3.39,206.86,15.18,692.29
11/1/2007,488.03,6.48,494.75,13.94,5.45,416.97,17.56,668.73
10/1/2007,486.72,5.36,484.93,14.73,6.88,504.91,17.70,629.07
9/1/2007,480.94,3.85,458.25,15.69,7.90,524.39,18.49,623.70
8/1/2007,467.73,6.09,455.85,13.81,7.30,503.55,17.50,637.12
7/1/2007,430.32,6.00,467.95,15.41,7.54,448.41,17.41,619.17
6/1/2007,411.48,5.62,491.95,16.64,6.99,397.98,15.17,590.58
5/1/2007,417.26,6.27,528.53,18.21,6.05,360.22,14.32,584.14
4/1/2007,427.19,5.58,494.76,16.00,6.25,346.78,14.63,580.96
3/1/2007,458.90,5.70,483.20,15.57,6.19,312.88,15.69,600.89
2/1/2007,470.57,6.79,484.30,15.64,5.50,293.38,17.21,659.11
1/1/2007,482.08,6.27,442.50,15.77,5.29,218.36,16.48,732.31
12/1/2006,520.33,5.21,468.48,15.86,6.77,214.53,17.06,670.60
11/1/2006,485.71,4.41,488.41,15.45,10.26,404.17,16.26,696.74
10/1/2006,491.92,3.90,458.36,15.23,11.21,464.22,19.04,685.76
9/1/2006,484.50,2.78,415.56,15.35,12.70,500.26,21.56,685.02
8/1/2006,479.22,3.30,417.77,15.25,10.51,512.22,23.60,704.33
7/1/2006,449.11,4.01,412.62,15.13,7.88,507.47,22.06,760.52
6/1/2006,446.28,2.27,477.01,15.22,6.36,466.48,21.01,753.17
5/1/2006,441.27,2.57,520.02,15.25,6.97,423.73,23.26,817.58
4/1/2006,436.16,3.16,504.98,15.45,5.12,377.75,20.76,854.27
3/1/2006,440.56,2.75,528.25,15.78,1.74,315.68,24.47,910.92
2/1/2006,465.88,3.08,527.68,15.73,2.39,260.47,22.45,907.97
1/1/2006,434.44,5.06,421.31,9.97,2.15,206.17,21.02,910.45
12/1/2005,429.89,4.54,431.28,9.33,1.72,194.72,17.60,859.00
11/1/2005,439.19,4.14,440.69,10.14,2.18,417.61,17.62,791.32
10/1/2005,438.75,3.69,425.55,10.94,1.89,477.80,18.84,742.85
9/1/2005,410.59,3.56,408.49,11.79,1.67,523.12,19.94,695.65
8/1/2005,385.25,3.30,442.92,11.76,2.84,518.88,19.61,710.33
7/1/2005,342.11,3.05,488.61,9.36,3.31,506.30,19.68,675.93
6/1/2005,318.19,1.64,511.23,9.72,1.97,465.92,17.67,652.86
5/1/2005,329.43,2.95,562.81,8.74,2.07,440.12,18.90,678.78
4/1/2005,372.32,2.61,540.23,7.65,2.88,414.16,18.55,657.93
3/1/2005,400.24,2.73,538.22,7.59,2.11,379.41,17.87,620.29
2/1/2005,453.26,2.85,496.79,7.55,2.71,332.89,18.58,630.09
1/1/2005,484.28,3.54,482.85,3.50,2.92,288.36,19.11,701.79
12/1/2004,463.30,3.62,436.33,3.72,3.70,294.87,17.32,747.64
11/1/2004,452.59,3.77,423.06,4.17,3.86,472.34,17.88,779.82
10/1/2004,457.24,4.11,413.82,4.18,3.80,527.39,18.72,758.93
9/1/2004,445.99,4.26,382.11,3.88,2.86,600.19,17.27,704.19
8/1/2004,427.05,5.68,366.81,3.38,3.28,599.59,16.72,706.04
7/1/2004,411.77,5.62,373.01,3.87,4.60,597.58,18.26,748.86
6/1/2004,402.82,5.31,412.84,3.50,3.54,571.12,20.55,642.81
5/1/2004,421.18,5.84,448.55,3.25,4.39,548.77,20.91,621.98
4/1/2004,416.77,5.89,447.35,3.16,4.68,504.56,19.25,581.75
3/1/2004,435.03,5.20,477.12,3.36,4.11,471.68,21.14,522.80
2/1/2004,434.35,5.28,504.11,3.67,4.18,420.47,21.30,520.17
1/1/2004,395.08,5.03,470.66,3.80,3.20,354.04,18.04,596.83
12/1/2003,373.77,4.97,438.94,4.88,3.67,350.67,14.91,557.80
11/1/2003,375.17,4.76,446.84,4.49,4.39,582.68,16.85,586.71
10/1/2003,379.83,4.60,435.15,6.21,5.20,647.54,16.64,590.66
9/1/2003,370.99,4.17,430.24,5.86,5.73,706.50,18.04,601.01
8/1/2003,368.25,3.80,440.65,5.93,3.74,722.54,18.57,621.27
7/1/2003,371.48,4.07,460.01,5.43,3.51,718.21,17.95,639.61
6/1/2003,385.12,5.10,499.72,5.84,4.98,658.84,17.70,672.03
5/1/2003,389.65,4.97,519.99,5.02,4.76,573.47,15.74,
4/1/2003,403.15,5.93,530.50,3.90,5.50,549.28,16.96,
3/1/2003,441.86,6.11,519.71,4.06,4.47,492.74,17.13,
2/1/2003,482.42,7.09,512.66,6.23,4.55,451.87,15.34,
1/1/2003,524.64,6.96,468.50,7.12,5.42,333.05,13.53,
12/1/2002,512.57,7.51,463.94,9.26,5.77,334.34,11.20,
11/1/2002,525.17,5.22,489.80,12.00,6.07,624.94,13.09,
10/1/2002,494.91,4.38,480.23,11.96,6.29,672.38,13.20,
9/1/2002,461.76,3.72,464.38,14.46,6.25,685.62,13.18,
8/1/2002,416.53,3.66,472.18,14.22,7.85,706.19,12.94,
7/1/2002,396.87,3.33,497.82,13.55,7.08,644.10,12.72,
6/1/2002,401.76,3.74,548.00,12.94,6.89,578.23,11.09,
5/1/2002,405.74,3.50,567.72,13.17,4.26,515.19,10.25,
4/1/2002,410.49,3.98,531.45,10.53,4.92,457.57,11.67,
3/1/2002,439.03,4.87,510.93,11.27,4.08,413.24,13.90,
2/1/2002,455.45,5.12,503.88,13.11,6.45,327.06,13.14,
1/1/2002,460.74,6.05,464.96,11.91,7.94,240.52,13.71,
12/1/2001,427.55,5.73,432.73,11.34,5.21,260.03,13.86,
11/1/2001,395.12,5.34,430.56,13.24,5.97,497.93,15.52,
10/1/2001,382.77,4.55,366.95,13.98,8.18,541.98,17.70,
9/1/2001,373.21,3.74,332.57,15.27,8.95,545.31,17.82,
8/1/2001,351.36,3.04,339.55,15.74,9.10,534.17,16.65,
7/1/2001,340.79,3.50,374.11,15.44,8.90,506.69,14.39,
6/1/2001,325.15,3.61,421.47,14.59,10.33,456.03,15.80,
5/1/2001,315.34,3.72,432.60,13.55,7.34,392.61,15.88,
4/1/2001,332.60,3.82,432.30,13.73,6.49,355.76,14.60,
3/1/2001,360.21,3.98,468.29,13.14,6.74,333.52,15.47,
2/1/2001,410.89,5.01,471.38,13.83,10.98,291.42,16.90,
1/1/2001,401.72,4.72,411.48,13.46,8.99,241.28,14.97,
12/1/2000,411.84,5.66,445.61,12.49,7.98,261.12,15.42,
11/1/2000,404.39,4.70,438.56,12.20,8.61,473.90,16.59,
10/1/2000,405.70,4.76,439.52,12.87,8.76,528.07,14.42,
9/1/2000,398.80,4.61,455.59,14.04,8.83,524.93,14.93,
8/1/2000,391.53,4.57,478.47,13.56,10.05,524.04,14.39,
7/1/2000,405.06,4.46,495.46,13.98,10.15,506.79,14.11,
6/1/2000,401.09,4.28,537.86,13.14,9.55,480.27,13.53,
5/1/2000,396.13,3.87,532.06,13.35,8.76,416.87,12.77,
4/1/2000,378.15,4.77,534.67,11.44,8.01,391.37,14.00,
3/1/2000,369.04,5.54,523.47,10.34,9.19,353.90,14.77,
2/1/2000,350.95,4.89,481.39,10.39,9.03,319.35,17.61,
1/1/2000,314.16,5.12,415.38,8.74,7.76,254.25,10.07,
12/1/1999,308.94,4.36,422.54,9.45,8.12,252.27,8.45,
11/1/1999,322.47,4.33,438.06,9.21,9.40,494.50,8.97,
10/1/1999,294.37,3.80,430.59,9.82,9.88,596.36,9.48,
9/1/1999,377.87,4.37,432.61,12.24,11.04,580.31,8.81,
8/1/1999,292.72,4.07,494.62,11.98,10.36,599.01,11.13,
7/1/1999,293.12,3.96,528.55,12.46,10.82,556.14,11.27,
6/1/1999,306.74,3.59,572.70,12.31,10.42,494.28,9.69,
5/1/1999,316.76,4.18,596.93,13.15,10.48,455.41,9.36,
4/1/1999,309.19,4.42,552.84,12.37,10.92,374.95,9.24,
3/1/1999,300.09,4.20,540.85,12.13,8.76,375.63,10.84,
2/1/1999,301.10,4.52,510.32,10.45,7.56,363.84,11.05,
1/1/1999,296.42,5.41,503.51,11.72,6.26,304.31,11.03,
12/1/1998,328.18,5.05,443.44,11.87,5.55,310.36,9.30,
11/1/1998,358.23,4.30,411.89,12.56,5.85,658.73,9.03,
10/1/1998,323.06,5.14,388.85,12.25,7.72,699.49,8.20,
9/1/1998,306.75,4.86,392.56,14.53,8.82,706.83,8.99,
8/1/1998,303.00,5.13,414.62,16.19,9.28,701.78,11.76,
7/1/1998,316.49,5.23,426.81,16.04,9.18,656.50,10.18,
6/1/1998,310.22,4.91,477.36,16.67,8.87,614.14,12.87,
5/1/1998,335.45,5.91,487.04,16.31,5.01,579.66,9.22,
4/1/1998,329.65,6.13,458.81,16.23,5.06,527.02,10.37,
3/1/1998,334.95,6.54,464.45,15.28,5.15,512.67,12.27,
2/1/1998,331.08,6.86,446.13,13.92,5.55,497.58,12.05,
1/1/1998,350.16,8.02,346.39,13.74,7.41,415.05,9.75,
12/1/1997,378.16,6.59,334.10,16.53,5.90,438.56,10.26,
11/1/1997,351.56,6.53,354.24,16.89,8.05,736.64,10.92,
10/1/1997,349.09,5.87,346.64,16.12,10.66,770.71,10.84,
9/1/1997,324.56,5.12,371.75,19.38,7.90,742.01,11.10,
8/1/1997,302.79,5.05,388.67,18.54,10.25,714.32,8.89,
7/1/1997,305.57,4.48,406.20,16.59,8.32,667.85,8.34,
6/1/1997,278.74,3.99,413.35,15.22,7.75,611.78,8.15,
5/1/1997,285.45,5.52,440.25,13.03,8.41,543.27,8.49,
4/1/1997,290.42,6.27,404.72,11.16,6.93,496.48,8.55,
3/1/1997,261.70,6.62,383.88,9.86,5.88,446.38,11.48,
2/1/1997,290.30,7.16,342.17,9.47,5.30,401.05,11.02,
1/1/1997,284.94,7.27,313.82,8.90,5.71,327.95,10.19,
12/1/1996,288.02,6.53,316.39,9.79,7.74,347.77,10.35,
11/1/1996,295.94,6.77,333.35,10.49,10.40,658.30,12.65,
10/1/1996,312.18,6.49,340.27,11.25,14.10,721.02,14.94,
9/1/1996,305.20,6.94,322.87,14.65,15.77,723.19,15.04,
8/1/1996,291.14,5.59,322.66,13.16,14.61,718.17,13.48,
7/1/1996,306.68,5.27,351.84,13.73,13.93,679.74,11.74,
6/1/1996,307.37,5.09,381.33,12.19,12.65,587.44,11.41,
5/1/1996,335.56,6.16,385.49,13.65,14.29,514.54,11.53,
4/1/1996,347.28,6.60,352.86,12.25,12.21,445.36,12.38,
3/1/1996,362.62,6.51,385.53,13.02,11.07,423.10,16.19,
2/1/1996,367.89,7.17,382.22,9.79,10.40,339.18,15.60,
1/1/1996,389.63,6.91,334.78,7.61,7.25,271.33,13.78,
12/1/1995,381.39,7.26,347.14,7.85,9.27,270.05,12.47,
11/1/1995,381.56,7.50,321.63,7.50,12.46,644.20,14.37,
10/1/1995,347.70,7.08,332.63,7.41,8.79,686.04,16.20,
9/1/1995,344.85,7.94,354.00,10.24,9.82,655.29,18.02,
8/1/1995,359.30,9.51,408.31,10.68,11.99,651.12,20.55,
7/1/1995,352.27,8.42,431.14,12.31,9.63,598.79,22.88,
6/1/1995,359.09,8.35,434.91,13.99,7.04,536.33,18.14,
5/1/1995,392.18,8.59,422.31,14.93,6.11,466.15,17.33,
4/1/1995,384.48,9.49,414.70,12.68,6.13,432.07,18.47,
3/1/1995,407.74,9.03,395.05,10.83,7.06,359.54,18.28,
2/1/1995,420.32,6.93,389.47,11.62,8.27,312.85,19.51,
1/1/1995,411.19,6.70,365.32,10.91,13.67,254.44,19.49,
12/1/1994,419.47,5.97,383.19,8.80,13.70,280.67,19.10,
11/1/1994,410.58,5.46,385.41,8.95,14.81,636.23,20.05,
10/1/1994,406.78,5.55,352.69,9.26,16.39,648.59,17.81,
9/1/1994,377.23,5.96,364.01,11.02,14.42,623.42,19.74,
8/1/1994,388.88,5.39,393.70,12.03,11.90,588.14,18.97,
7/1/1994,379.39,4.58,410.83,12.12,9.64,539.23,15.42,
6/1/1994,367.86,3.80,437.55,11.37,7.94,461.39,15.20,
5/1/1994,399.54,3.73,429.69,11.51,6.61,399.14,16.35,
4/1/1994,423.20,4.33,393.07,11.19,5.35,346.51,15.63,
3/1/1994,414.42,4.27,356.93,9.51,5.28,304.84,15.84,
2/1/1994,430.24,5.58,348.81,9.20,5.98,279.81,14.76,
1/1/1994,400.98,4.49,299.21,8.37,7.68,249.05,13.72,
12/1/1993,376.34,4.55,313.01,10.16,8.55,290.58,13.53,
11/1/1993,344.42,4.33,324.83,11.84,12.88,683.62,14.04,
10/1/1993,326.83,3.66,311.24,12.62,14.98,713.79,14.37,
9/1/1993,307.47,3.26,308.91,13.24,15.38,678.59,18.14,
8/1/1993,285.31,3.85,342.48,13.50,14.54,624.16,17.60,
7/1/1993,271.74,3.50,351.34,13.15,11.41,556.15,15.09,
6/1/1993,262.14,4.13,371.63,11.18,8.98,473.97,15.49,
5/1/1993,276.70,4.63,378.50,11.06,8.35,424.40,14.32,
4/1/1993,293.90,4.80,330.44,6.66,8.25,359.16,15.06,
3/1/1993,279.92,4.88,344.40,6.62,8.48,359.83,16.95,
2/1/1993,286.38,5.16,329.49,6.34,8.50,314.71,16.74,
1/1/1993,272.77,5.23,314.53,7.86,9.97,271.72,17.16,
12/1/1992,275.92,5.99,316.67,8.41,11.51,320.51,18.65,
11/1/1992,291.22,6.46,306.82,8.52,16.43,714.69,21.69,
10/1/1992,275.21,6.03,297.27,8.75,17.84,734.40,19.99,
9/1/1992,288.93,6.02,266.68,9.31,19.49,684.23,20.17,
8/1/1992,294.10,6.19,307.04,11.71,16.84,662.10,19.48,
7/1/1992,299.38,6.79,319.04,10.97,15.63,580.11,21.15,
6/1/1992,303.55,6.55,344.88,9.87,13.56,486.78,18.91,
5/1/1992,302.06,6.48,362.60,8.58,10.58,430.20,18.82,
4/1/1992,313.75,6.16,372.24,8.46,10.54,392.29,19.75,
3/1/1992,298.87,7.31,352.99,6.67,11.44,354.05,19.19,
2/1/1992,329.09,6.76,341.17,7.26,10.39,325.54,20.08,
1/1/1992,315.89,6.69,311.14,6.30,10.17,264.13,16.26,
12/1/1991,306.33,6.64,308.01,6.66,11.71,305.53,15.12,
11/1/1991,298.15,5.17,299.66,5.74,12.77,653.04,16.73,
10/1/1991,276.71,5.06,280.55,5.29,18.15,667.22,16.47,
9/1/1991,259.42,5.41,282.35,6.13,15.95,625.85,16.32,
8/1/1991,273.22,5.88,277.93,6.92,12.82,571.29,18.09,
7/1/1991,247.13,6.43,312.25,8.00,10.74,503.06,14.24,
6/1/1991,234.72,6.11,333.33,8.44,8.74,453.41,13.51,
5/1/1991,265.58,6.30,340.04,7.28,8.15,408.46,12.95,
4/1/1991,276.94,6.34,288.98,8.07,7.68,370.00,14.09,
3/1/1991,271.33,5.85,281.23,9.83,6.17,342.22,13.97,
2/1/1991,298.89,6.01,247.01,9.44,5.46,302.51,14.77,
1/1/1991,300.38,5.51,233.57,8.41,8.68,306.42,14.75,
12/1/1990,277.17,6.12,221.47,8.10,9.70,338.40,17.16,
11/1/1990,267.42,5.92,231.88,8.46,12.90,625.12,16.79,
10/1/1990,243.03,6.07,225.80,8.93,15.35,623.63,16.56,
9/1/1990,240.49,6.39,224.75,9.14,16.46,593.13,17.13,
8/1/1990,265.36,6.14,256.44,10.11,14.56,541.67,17.09,
7/1/1990,256.51,5.31,292.60,9.69,10.51,481.29,18.06,
6/1/1990,270.38,4.59,320.25,8.05,9.49,405.60,17.39,
5/1/1990,293.32,4.59,320.29,8.39,7.19,354.94,17.29,
4/1/1990,304.29,4.35,294.56,7.91,6.71,317.90,16.78,
3/1/1990,267.65,4.46,303.92,8.47,6.56,276.29,15.18,
2/1/1990,259.84,4.00,272.49,7.84,6.75,268.37,14.17,
1/1/1990,251.65,3.93,255.79,7.63,6.45,235.94,,
12/1/1989,237.64,4.03,279.25,7.99,7.67,258.56,,
11/1/1989,220.66,4.44,275.84,7.71,12.07,571.81,,
10/1/1989,231.82,4.84,278.00,7.06,12.42,569.28,,
9/1/1989,242.42,5.62,277.93,7.73,10.30,574.30,,
8/1/1989,249.20,5.66,342.59,7.84,9.74,496.89,,
7/1/1989,241.81,6.18,380.10,8.00,9.40,454.61,,
6/1/1989,244.11,6.98,428.14,6.83,7.68,355.65,,
5/1/1989,275.43,6.77,432.44,6.56,6.97,298.70,,
4/1/1989,298.85,7.04,392.79,6.62,9.21,269.24,,
3/1/1989,313.36,7.15,393.48,6.49,11.27,263.11,,
2/1/1989,315.14,6.76,377.61,7.27,13.79,262.54,,
1/1/1989,317.46,5.44,357.89,6.12,13.74,249.75,,
12/1/1988,300.41,4.66,361.31,6.00,17.66,303.53,,
11/1/1988,296.49,3.50,320.79,6.40,19.79,583.31,,
10/1/1988,307.58,3.44,288.02,6.83,18.91,572.82,,
9/1/1988,294.90,3.48,286.97,7.25,18.44,551.89,,
8/1/1988,269.61,3.97,337.21,8.54,18.09,496.15,,
7/1/1988,248.42,4.36,362.77,8.74,22.02,456.79,,
6/1/1988,275.12,4.55,388.56,8.02,21.49,410.12,,
5/1/1988,305.02,4.75,397.25,7.64,19.01,370.73,,
4/1/1988,313.18,4.92,345.84,7.06,16.66,339.01,,
3/1/1988,325.36,4.59,308.16,6.19,14.96,321.52,,
2/1/1988,316.69,4.89,291.48,8.07,14.59,281.84,,
1/1/1988,288.65,4.16,285.47,7.95,10.92,266.21,,
12/1/1987,304.31,4.75,251.66,8.64,9.84,291.87,,
11/1/1987,307.62,4.28,212.21,7.04,13.02,612.91,,
10/1/1987,286.51,3.64,186.20,6.98,12.74,618.75,,
9/1/1987,269.27,4.04,175.06,8.47,10.48,560.02,,
8/1/1987,278.66,4.48,181.11,9.31,12.73,472.74,,
7/1/1987,252.73,4.38,189.17,12.01,12.51,381.59,,
6/1/1987,280.10,4.62,218.80,14.00,9.19,298.11,,
5/1/1987,312.28,5.99,217.76,13.25,6.46,250.82,,
4/1/1987,311.13,6.05,221.77,13.60,6.26,225.98,,
3/1/1987,305.99,6.95,228.52,13.57,5.74,211.38,,
2/1/1987,320.61,6.86,217.73,11.55,7.33,198.10,,
1/1/1987,310.55,6.97,197.06,12.60,7.87,178.23,,
12/1/1986,297.48,6.65,206.16,13.84,10.07,249.05,,
11/1/1986,292.32,8.26,215.82,14.64,12.13,543.20,,
10/1/1986,291.61,7.43,185.90,14.45,13.00,511.56,,
9/1/1986,319.42,7.63,184.68,15.46,16.28,449.34,,
8/1/1986,336.98,8.88,214.85,14.32,19.15,388.11,,
7/1/1986,321.65,9.00,247.66,14.07,17.53,297.80,,
6/1/1986,318.50,9.33,275.64,12.74,14.51,229.46,,
5/1/1986,301.24,10.22,281.95,12.75,13.96,188.91,,
4/1/1986,297.10,10.41,253.50,11.81,12.98,150.53,,
3/1/1986,302.32,10.61,239.14,13.81,12.31,163.61,,
2/1/1986,318.44,11.32,235.38,11.62,12.59,159.21,,
1/1/1986,317.43,11.41,229.42,12.77,13.10,150.20,,
12/1/1985,302.26,11.41,265.01,12.53,12.94,208.15,,
11/1/1985,294.91,11.68,277.48,10.03,16.03,484.05,,
10/1/1985,308.36,10.30,276.95,9.24,18.68,444.46,,
9/1/1985,310.59,11.07,294.71,9.54,18.58,387.80,,
8/1/1985,319.65,11.31,343.13,9.19,20.74,304.73,,
7/1/1985,295.51,10.74,385.02,8.93,17.38,243.27,,
6/1/1985,300.94,10.56,410.29,8.07,17.71,183.74,,
5/1/1985,328.05,10.99,368.17,7.64,18.14,157.00,,
4/1/1985,333.95,10.59,314.11,6.55,17.63,131.06,,
3/1/1985,347.02,10.82,286.32,6.84,15.13,129.45,,
2/1/1985,375.14,12.84,291.93,7.34,15.32,124.11,,
1/1/1985,357.74,13.84,274.27,7.07,12.25,125.32,,
12/1/1984,346.06,13.28,269.44,7.89,12.04,195.65,,
11/1/1984,328.22,11.24,275.59,8.40,17.48,415.43,,
10/1/1984,319.58,8.38,256.63,8.89,20.79,390.56,,
9/1/1984,290.05,7.99,269.48,7.27,19.09,331.33,,
8/1/1984,301.66,8.26,345.01,8.03,15.95,278.25,,
7/1/1984,303.15,8.24,405.21,8.40,13.42,226.30,,
6/1/1984,312.80,8.40,437.72,8.84,12.84,180.94,,
5/1/1984,324.58,9.68,390.40,9.12,11.24,142.22,,
4/1/1984,325.70,10.20,350.73,8.06,8.60,144.36,,
3/1/1984,332.46,10.73,311.71,7.54,8.82,145.77,,
2/1/1984,338.01,11.32,295.11,8.37,8.85,161.47,,
1/1/1984,325.03,9.06,300.57,10.70,11.94,161.75,,
12/1/1983,316.02,8.69,295.19,10.27,13.57,251.56,,
11/1/1983,277.97,9.34,239.99,9.09,18.12,460.08,,
10/1/1983,268.21,8.56,209.95,8.62,23.81,432.19,,
9/1/1983,267.38,7.26,214.07,8.82,29.13,384.30,,
8/1/1983,252.28,7.10,252.99,7.72,32.70,323.46,,
7/1/1983,253.96,6.90,280.45,8.69,27.57,255.74,,
6/1/1983,265.16,6.78,293.00,8.84,22.89,210.46,,
5/1/1983,277.33,7.25,272.72,8.33,23.18,192.27,,
4/1/1983,299.08,6.77,234.74,8.22,18.79,185.33,,
3/1/1983,307.05,7.57,215.82,7.67,17.28,187.69,,
2/1/1983,303.21,7.26,224.15,7.68,19.87,193.83,,
1/1/1983,294.38,7.36,219.02,8.65,18.00,203.91,,
12/1/1982,247.68,6.54,183.03,8.57,18.59,435.84,,
11/1/1982,189.66,7.58,264.13,8.27,23.14,281.68,,
10/1/1982,211.88,8.25,274.09,8.78,22.56,232.84,,
9/1/1982,223.26,8.46,246.28,8.45,22.61,236.42,,
8/1/1982,249.07,9.63,247.30,9.57,25.35,236.89,,
7/1/1982,256.71,9.33,264.38,10.54,28.69,238.43,,
6/1/1982,232.17,8.60,255.22,11.36,33.62,305.09,,
5/1/1982,244.64,7.52,238.33,12.68,41.92,528.13,,
4/1/1982,234.92,6.97,206.67,13.31,47.96,532.12,,
3/1/1982,245.15,7.11,225.05,13.69,51.22,466.02,,
2/1/1982,272.60,7.69,283.80,12.56,55.43,400.82,,
1/1/1982,297.47,8.40,346.55,12.30,51.62,327.28,,
12/1/1981,328.62,9.11,394.41,10.40,44.97,256.15,,
11/1/1981,339.37,9.64,403.54,10.20,41.78,228.75,,
10/1/1981,341.54,9.62,360.56,7.82,35.26,220.65,,
9/1/1981,347.76,8.50,355.91,7.84,30.44,207.91,,
8/1/1981,361.33,9.28,350.81,9.00,26.75,208.29,,
7/1/1981,328.22,9.37,348.64,9.14,21.34,197.98,,
6/1/1981,279.00,7.40,320.68,9.78,25.32,257.57,,
5/1/1981,243.77,6.24,269.29,8.17,31.19,420.24,,
4/1/1981,219.70,6.74,222.00,8.34,37.32,398.78,,
3/1/1981,228.58,6.90,217.32,8.88,38.92,383.95,,
2/1/1981,242.51,7.46,263.67,10.26,41.15,325.84,,
1/1/1981,256.53,7.50,313.94,10.23,44.65,286.57,,
12/1/1980,277.87,7.88,356.50,9.00,46.26,233.85,,
11/1/1980,296.57,8.89,345.29,8.48,46.72,206.65,,
10/1/1980,335.05,9.00,291.22,7.95,39.64,208.90,,
9/1/1980,357.56,10.03,270.41,9.46,36.58,224.99,,
8/1/1980,367.31,10.91,285.65,10.30,31.37,246.80,,
7/1/1980,350.33,10.25,280.85,10.75,30.28,240.04,,
6/1/1980,321.85,8.62,257.24,11.07,34.59,281.21,,
5/1/1980,308.22,8.12,219.13,11.70,40.62,445.53,,
4/1/1980,296.72,7.00,178.39,10.95,40.21,432.26,,
3/1/1980,324.20,7.28,180.27,11.76,36.54,382.47,,
2/1/1980,369.59,7.73,225.06,11.94,31.41,272.49,,
1/1/1980,395.75,7.80,269.86,11.48,23.46,200.91,,
12/1/1979,411.90,8.74,290.21,12.90,20.65,153.13,,
11/1/1979,410.15,9.37,278.35,12.07,18.76,128.03,,
10/1/1979,427.36,9.06,245.58,12.02,15.67,135.69,,
9/1/1979,402.88,8.95,219.28,10.83,13.53,154.71,,
8/1/1979,423.71,9.63,224.50,10.97,15.21,170.67,,
7/1/1979,405.35,9.09,241.81,11.72,15.47,175.10,,
6/1/1979,388.18,7.95,245.18,11.80,15.23,236.20,,
5/1/1979,348.44,7.69,207.12,12.20,18.24,425.43,,
4/1/1979,332.22,9.88,177.83,11.32,18.91,373.25,,
3/1/1979,315.71,8.17,178.72,11.26,17.62,301.16,,
2/1/1979,336.55,9.15,219.89,11.89,20.64,213.63,,
1/1/1979,372.31,10.18,260.19,10.01,19.87,152.83,,
12/1/1978,388.21,11.17,280.55,10.15,23.36,103.85,,
11/1/1978,376.03,13.22,281.70,9.18,25.23,101.08,,
10/1/1978,357.23,12.31,215.84,7.95,29.06,113.00,,
9/1/1978,318.38,12.51,172.36,8.63,30.57,136.58,,
8/1/1978,314.02,13.12,174.00,9.26,30.67,168.27,,
7/1/1978,315.56,11.42,185.85,10.10,28.65,167.94,,
6/1/1978,291.47,9.76,208.50,9.36,27.90,269.40,,
5/1/1978,301.05,9.55,165.97,10.10,33.39,444.50,,
4/1/1978,345.83,10.56,158.50,11.63,38.46,409.26,,
3/1/1978,350.14,10.77,145.46,13.57,41.65,329.93,,
2/1/1978,373.97,11.18,178.91,13.85,43.24,253.61,,
1/1/1978,412.59,11.96,227.92,14.38,41.15,201.38,,
12/1/1977,447.38,11.48,269.90,14.58,39.99,138.20,,
11/1/1977,472.05,12.88,264.60,12.77,38.20,130.33,,
10/1/1977,472.87,10.88,224.73,11.81,35.57,142.34,,
9/1/1977,475.44,11.15,203.37,13.88,38.73,167.83,,
8/1/1977,474.57,11.69,196.97,14.13,40.51,190.26,,
7/1/1977,453.55,10.62,212.14,14.54,42.11,203.36,,
6/1/1977,429.59,9.83,219.15,16.55,40.27,298.83,,
5/1/1977,405.03,9.29,201.46,15.68,40.49,512.34,,
4/1/1977,382.41,8.54,175.64,16.96,37.86,459.68,,
3/1/1977,362.75,8.18,157.27,15.15,38.57,370.25,,
2/1/1977,382.62,7.73,176.71,14.46,36.75,261.86,,
1/1/1977,395.34,7.53,219.00,12.26,34.19,177.29,,
12/1/1976,399.73,8.46,255.35,10.94,30.11,120.81,,
11/1/1976,390.80,10.03,250.91,9.63,32.31,114.47,,
10/1/1976,390.60,9.82,228.89,9.24,29.36,140.74,,
9/1/1976,355.73,10.39,206.18,11.12,31.39,160.66,,
8/1/1976,342.75,11.49,216.73,10.81,34.68,186.76,,
7/1/1976,342.40,10.55,233.66,11.79,39.22,195.18,,
6/1/1976,311.98,9.85,248.97,11.54,41.58,286.22,,
5/1/1976,264.50,8.91,206.68,10.77,44.73,472.41,,
4/1/1976,245.92,7.92,175.64,10.75,49.11,409.76,,
3/1/1976,250.42,8.87,174.71,10.11,52.85,328.35,,
2/1/1976,260.59,8.35,216.31,9.09,54.33,248.57,,
1/1/1976,279.72,9.22,271.39,7.39,56.94,193.16,,
12/1/1975,298.87,10.63,309.04,8.82,57.11,162.74,,
11/1/1975,339.58,11.32,329.38,9.96,59.07,180.22,,
10/1/1975,375.41,12.65,284.89,9.25,56.57,207.34,,
9/1/1975,376.63,13.80,283.57,11.22,55.61,239.89,,
8/1/1975,393.58,14.28,279.24,12.15,55.70,267.11,,
7/1/1975,383.85,13.55,293.73,13.69,54.03,275.03,,
6/1/1975,342.89,12.95,287.25,14.17,55.05,372.03,,
5/1/1975,333.21,12.06,256.27,14.89,59.98,554.64,,
4/1/1975,330.90,11.59,233.88,14.20,61.32,528.70,,
3/1/1975,361.70,12.47,243.96,15.33,64.77,431.79,,
2/1/1975,383.89,13.47,277.84,15.98,62.66,335.80,,
1/1/1975,424.43,14.52,340.77,15.91,57.56,265.83,,
12/1/1974,447.91,13.76,397.14,16.82,53.11,227.37,,
11/1/1974,454.12,13.72,383.86,14.15,46.51,224.95,,
10/1/1974,463.59,14.10,327.53,13.75,44.36,235.93,,
9/1/1974,443.76,12.42,294.13,13.02,40.38,250.47,,
8/1/1974,456.52,12.71,284.50,12.47,43.92,274.02,,
7/1/1974,432.10,11.57,271.63,15.03,47.23,280.96,,
6/1/1974,376.29,9.92,258.85,14.69,47.28,321.13,,
5/1/1974,301.28,9.03,208.60,15.52,37.11,450.51,,
4/1/1974,234.12,7.81,181.10,13.08,30.31,350.65,,
3/1/1974,244.67,7.93,165.41,12.74,24.92,261.24,,
2/1/1974,289.30,9.98,186.67,14.45,28.38,199.35,,
1/1/1974,309.75,11.17,236.38,16.00,29.46,137.14,,
12/1/1973,324.22,11.80,243.57,15.64,26.29,88.11,,
11/1/1973,350.22,13.22,234.06,13.21,29.25,91.30,,
10/1/1973,348.16,11.72,222.32,10.92,30.99,115.45,,
9/1/1973,357.52,14.87,187.65,11.85,37.06,152.56,,
8/1/1973,370.02,15.58,189.44,14.26,35.05,188.39,,
7/1/1973,355.34,12.61,199.55,15.70,34.82,208.08,,
6/1/1973,340.10,11.89,221.48,17.20,34.31,297.26,,
5/1/1973,315.49,10.49,192.78,18.23,33.41,472.88,,
4/1/1973,288.17,10.84,174.68,19.17,30.63,408.47,,
3/1/1973,272.02,10.21,186.54,21.22,26.88,314.00,,
2/1/1973,250.88,9.05,238.41,21.27,26.93,213.20,,
1/1/1973,246.32,9.31,301.45,19.28,25.87,143.42,,
12/1/1972,266.52,8.90,359.44,19.92,25.73,111.13,,
11/1/1972,272.84,8.94,374.30,15.21,36.45,121.26,,
10/1/1972,276.04,8.54,306.18,12.24,39.59,144.55,,
9/1/1972,297.93,7.94,266.87,12.84,49.99,178.52,,
8/1/1972,330.23,8.89,281.60,16.36,51.21,208.00,,
7/1/1972,357.75,8.96,309.70,19.26,45.21,223.11,,
6/1/1972,318.55,8.13,301.42,18.63,46.87,308.75,,
5/1/1972,337.83,8.11,288.12,20.06,48.19,475.18,,
4/1/1972,342.45,8.34,285.40,20.72,47.27,389.02,,
3/1/1972,324.66,7.56,309.44,19.39,46.02,307.59,,
2/1/1972,304.80,8.32,379.45,21.29,48.03,202.85,,
1/1/1972,289.42,9.16,454.87,22.85,48.74,140.28,,
12/1/1971,277.22,9.51,471.54,22.51,47.14,111.48,,
11/1/1971,282.61,9.19,441.08,20.22,47.75,119.38,,
10/1/1971,293.46,8.89,359.56,20.40,48.60,145.96,,
9/1/1971,298.77,8.33,315.92,19.65,51.33,177.34,,
8/1/1971,315.88,9.23,325.97,20.53,52.29,207.14,,
7/1/1971,326.49,8.72,312.44,19.34,51.78,218.93,,
6/1/1971,304.32,8.49,276.37,19.65,53.00,313.08,,
5/1/1971,287.23,8.80,221.98,21.03,55.28,450.50,,
4/1/1971,275.42,9.17,187.51,20.74,53.24,342.96,,
3/1/1971,278.07,9.72,195.50,22.83,50.78,237.87,,
2/1/1971,299.67,9.37,232.19,23.09,49.93,155.50,,
1/1/1971,308.83,9.68,282.61,20.03,50.02,94.67,,
12/1/1970,342.87,10.80,327.45,18.81,46.15,73.72,,
11/1/1970,356.75,12.26,304.37,20.92,38.97,81.51,,
10/1/1970,368.26,11.40,244.16,21.79,33.49,101.06,,
9/1/1970,363.50,11.40,211.04,18.06,29.11,132.65,,
8/1/1970,357.44,10.67,186.76,17.07,28.24,162.13,,
7/1/1970,340.52,9.89,187.64,16.13,27.73,191.92,,
6/1/1970,320.94,9.68,189.89,17.34,28.51,283.83,,
5/1/1970,322.39,7.12,176.28,17.04,28.60,435.62,,
4/1/1970,292.86,6.69,149.44,16.02,22.89,329.41,,
3/1/1970,254.26,6.13,144.37,15.22,20.91,237.13,,
2/1/1970,227.20,6.85,173.61,12.46,22.39,162.75,,
1/1/1970,218.61,7.45,224.65,12.95,21.12,119.29,,
12/1/1969,235.06,7.25,275.56,15.76,22.50,122.97,,
11/1/1969,254.43,8.23,299.53,16.91,23.27,155.00,,
10/1/1969,261.66,7.25,244.56,12.20,23.25,201.36,,
9/1/1969,256.98,7.44,236.98,9.48,26.17,254.37,,
8/1/1969,265.86,6.61,221.37,10.42,28.31,293.59,,
7/1/1969,281.55,7.44,232.47,14.14,29.76,317.07,,
6/1/1969,282.26,7.42,209.15,14.76,31.86,385.69,,
5/1/1969,251.78,7.38,194.52,12.92,34.21,504.45,,
4/1/1969,227.45,7.24,170.19,11.86,36.66,385.94,,
3/1/1969,218.27,7.86,171.38,10.53,40.35,304.70,,
2/1/1969,200.92,7.98,217.44,12.19,43.27,225.95,,
1/1/1969,186.77,8.08,297.56,12.43,48.02,185.29,,
12/1/1968,182.33,9.00,357.55,11.74,54.04,194.15,,
11/1/1968,202.38,9.07,325.28,12.46,56.65,225.08,,
10/1/1968,211.15,9.34,271.67,12.84,59.47,267.81,,
9/1/1968,239.54,9.90,262.90,12.88,62.50,310.31,,
8/1/1968,261.37,11.65,259.93,14.94,66.94,360.59,,
7/1/1968,262.05,11.54,256.70,15.31,69.62,366.87,,
6/1/1968,255.94,10.66,243.74,14.53,68.93,428.65,,
5/1/1968,242.61,10.50,216.96,13.07,64.36,550.77,,
4/1/1968,238.17,9.40,171.30,11.44,56.59,441.45,,
3/1/1968,232.02,9.37,171.51,10.91,54.65,332.06,,
2/1/1968,251.89,10.74,211.86,12.84,52.37,221.25,,
1/1/1968,262.86,11.93,264.80,14.62,51.64,159.91,,
12/1/1967,274.03,12.48,307.42,16.72,49.83,149.42,,
11/1/1967,274.00,12.79,357.51,15.56,47.84,176.07,,
10/1/1967,285.39,12.92,302.19,15.48,49.64,206.63,,
9/1/1967,297.53,12.95,257.98,15.32,55.37,253.89,,
8/1/1967,304.28,14.96,225.00,15.33,55.62,272.12,,
7/1/1967,291.90,10.57,205.36,17.21,53.47,267.10,,
6/1/1967,255.12,9.39,170.59,18.11,48.57,312.08,,
5/1/1967,235.92,8.19,141.08,19.71,40.38,395.50,,
4/1/1967,207.07,7.64,120.34,20.98,35.21,282.53,,
3/1/1967,199.12,6.68,115.00,22.02,30.53,171.39,,
2/1/1967,203.11,6.71,152.37,25.51,28.85,103.56,,
1/1/1967,195.47,7.24,185.99,22.43,26.40,69.65,,
12/1/1966,190.40,7.25,235.39,20.12,24.39,69.40,,
11/1/1966,201.31,7.88,239.28,17.66,20.05,92.35,,
10/1/1966,212.91,7.65,185.63,12.99,22.80,122.04,,
9/1/1966,232.42,7.54,153.94,11.22,28.94,156.47,,
8/1/1966,234.90,8.61,128.18,10.38,33.60,182.41,,
7/1/1966,240.94,9.55,123.19,11.78,36.69,200.12,,
6/1/1966,216.92,9.06,110.21,11.90,35.61,280.34,,
5/1/1966,187.83,7.63,101.28,12.27,32.54,362.82,,
4/1/1966,177.42,7.96,99.18,10.13,28.78,243.60,,
3/1/1966,163.88,7.87,109.49,9.84,25.80,147.22,,
2/1/1966,154.34,8.58,152.58,10.31,24.74,88.39,,
1/1/1966,160.81,9.28,196.60,9.92,28.39,69.98,,
12/1/1965,192.84,11.01,264.61,11.43,35.44,82.47,,
11/1/1965,208.33,13.24,307.35,10.96,42.10,105.66,,
10/1/1965,232.95,13.49,300.14,11.20,50.46,137.05,,
9/1/1965,241.61,13.03,289.48,10.58,57.47,168.87,,
8/1/1965,276.52,14.19,275.58,12.35,62.79,197.14,,
7/1/1965,300.11,13.05,251.17,13.15,64.94,207.45,,
6/1/1965,276.30,12.22,237.04,12.95,60.74,273.58,,
5/1/1965,248.86,10.99,186.73,13.71,58.73,342.24,,
4/1/1965,243.18,10.08,152.95,15.27,49.49,233.03,,
3/1/1965,275.06,12.26,198.30,16.15,47.08,149.11,,
2/1/1965,268.52,12.79,287.44,17.27,47.13,102.46,,
1/1/1965,271.01,12.98,377.28,18.23,49.78,88.71,,
12/1/1964,255.26,13.38,431.53,16.44,48.98,99.94,,
11/1/1964,247.13,12.87,435.12,16.31,48.49,122.52,,
10/1/1964,254.21,13.34,374.93,18.28,49.42,151.06,,
9/1/1964,252.53,13.62,343.05,18.36,52.58,188.14,,
8/1/1964,267.46,14.01,294.05,18.26,57.33,214.66,,
7/1/1964,259.58,13.25,239.54,18.59,55.46,217.50,,
6/1/1964,253.50,11.49,210.13,17.20,50.86,287.71,,
5/1/1964,224.69,8.63,176.60,17.81,44.08,361.09,,
4/1/1964,205.91,8.19,177.30,17.97,35.63,251.41,,
3/1/1964,187.93,7.50,185.96,19.84,32.17,155.40,,
2/1/1964,179.56,7.30,238.34,19.95,28.25,101.28,,
1/1/1964,176.36,7.81,284.24,19.76,29.51,88.58,,
12/1/1963,172.57,8.93,319.22,21.44,30.23,95.98,,
11/1/1963,173.96,10.69,337.11,23.69,32.20,117.29,,
10/1/1963,176.20,11.45,288.07,22.80,38.59,153.39,,
9/1/1963,162.22,11.64,236.91,21.00,44.01,176.50,,
8/1/1963,151.54,11.36,211.22,13.43,48.49,198.39,,
7/1/1963,176.08,12.55,193.77,15.28,48.37,203.29,,
6/1/1963,157.03,9.66,171.81,11.04,43.81,264.66,,
5/1/1963,137.55,6.67,128.40,9.62,36.23,339.63,,
4/1/1963,131.94,5.55,107.95,10.24,29.05,233.18,,
3/1/1963,122.42,5.67,149.27,11.82,27.28,159.57,,
2/1/1963,109.05,6.26,199.83,11.81,25.89,123.01,,
1/1/1963,110.44,6.93,257.48,14.69,29.46,121.25,,
12/1/1962,128.50,7.31,298.44,17.92,33.31,131.92,,
11/1/1962,149.37,7.94,275.15,18.55,39.66,155.72,,
10/1/1962,161.18,8.46,235.76,18.29,45.71,190.78,,
9/1/1962,158.80,8.15,197.31,16.13,53.95,218.57,,
8/1/1962,173.31,9.39,172.14,16.35,61.29,250.95,,
7/1/1962,188.79,11.39,163.52,17.60,68.05,263.08,,
6/1/1962,188.92,10.68,153.54,18.38,65.20,318.05,,
5/1/1962,160.62,9.37,104.33,19.75,60.57,381.53,,
4/1/1962,157.47,8.13,96.79,21.02,47.07,269.79,,
3/1/1962,154.99,8.20,104.91,23.01,41.45,188.81,,
2/1/1962,148.25,8.96,155.28,24.81,36.80,128.26,,
1/1/1962,144.34,10.51,202.21,26.01,37.93,106.33,,
12/1/1961,142.89,10.90,229.40,24.31,38.16,93.76,,
11/1/1961,143.78,12.40,233.69,22.03,43.09,108.33,,
10/1/1961,131.62,11.86,210.21,17.62,47.47,126.06,,
9/1/1961,134.84,12.87,196.95,11.77,58.79,152.38,,
8/1/1961,147.30,13.18,163.46,12.35,64.88,172.30,,
7/1/1961,161.05,13.70,133.93,12.44,65.12,160.10,,
6/1/1961,159.19,13.22,112.78,12.42,65.39,209.94,,
5/1/1961,161.68,10.77,108.67,12.29,54.02,282.19,,
4/1/1961,151.76,9.28,123.22,12.64,39.36,186.06,,
3/1/1961,142.26,7.80,181.31,13.43,28.70,112.52,,
2/1/1961,135.45,7.74,253.02,13.18,24.67,70.89,,
1/1/1961,135.60,7.73,306.55,11.65,26.28,66.72,,
12/1/1960,138.21,7.85,339.85,9.94,30.23,74.31,,
11/1/1960,147.88,7.91,336.08,10.92,41.90,87.28,,
10/1/1960,154.07,7.92,283.89,11.19,54.58,105.21,,
9/1/1960,173.39,8.23,294.46,12.20,69.32,123.95,,
8/1/1960,182.55,9.44,264.38,14.05,79.38,142.30,,
7/1/1960,191.10,9.96,219.36,14.79,84.82,149.18,,
6/1/1960,166.76,8.91,173.63,12.62,85.05,183.33,,
5/1/1960,152.55,8.02,141.12,12.30,79.99,220.37,,
4/1/1960,160.48,7.52,121.04,13.74,65.56,133.50,,
3/1/1960,152.46,7.98,139.93,14.61,58.48,87.12,,
2/1/1960,152.26,8.45,198.07,17.37,52.04,66.89,,
1/1/1960,149.00,9.63,256.28,16.61,59.67,64.82,,
12/1/1959,155.65,11.38,307.51,15.73,57.65,67.69,,
11/1/1959,159.05,13.18,324.33,13.48,57.04,86.70,,
10/1/1959,155.88,13.88,283.76,10.99,62.74,112.25,,
9/1/1959,160.40,13.79,256.43,11.05,69.89,140.51,,
8/1/1959,159.57,15.70,184.71,10.12,79.68,160.48,,
7/1/1959,160.88,15.76,154.45,9.19,87.89,162.06,,
6/1/1959,145.57,13.00,129.48,9.28,83.91,207.85,,
5/1/1959,124.56,11.93,89.14,9.91,75.54,254.85,,
4/1/1959,110.14,9.48,79.37,9.93,54.27,160.81,,
3/1/1959,106.27,7.38,99.17,10.97,39.49,103.56,,
2/1/1959,99.24,7.23,122.60,10.41,24.79,79.19,,
1/1/1959,96.31,7.52,155.36,12.00,22.28,80.31,,
12/1/1958,89.37,7.44,189.80,10.43,22.36,84.24,,
11/1/1958,91.86,9.18,207.22,6.67,31.39,104.67,,
10/1/1958,97.80,9.19,172.96,4.86,40.72,130.93,,
9/1/1958,104.66,9.81,177.48,4.38,50.98,154.43,,
8/1/1958,122.45,11.91,163.36,4.76,62.67,179.39,,
7/1/1958,121.71,13.32,137.19,5.21,59.60,176.75,,
6/1/1958,118.07,11.38,102.52,5.31,66.18,219.58,,
5/1/1958,95.44,10.66,86.43,5.62,61.67,241.39,,
4/1/1958,91.38,8.77,81.41,5.75,45.90,148.92,,
3/1/1958,99.56,8.60,95.94,5.19,37.37,101.93,,
2/1/1958,95.45,9.60,150.64,6.40,35.80,90.01,,
1/1/1958,102.16,10.28,220.39,6.87,36.91,92.39,,
12/1/1957,119.59,11.14,264.36,6.84,41.60,98.45,,
11/1/1957,143.14,13.20,275.45,7.33,48.41,109.06,,
10/1/1957,167.83,14.57,273.99,8.10,57.03,136.90,,
9/1/1957,191.49,15.95,262.72,8.99,67.50,149.59,,
8/1/1957,213.18,18.09,223.78,9.72,75.67,170.24,,
7/1/1957,235.28,20.41,189.98,11.59,81.88,162.10,,
6/1/1957,193.88,18.09,150.38,11.02,83.07,194.00,,
5/1/1957,142.45,14.09,90.01,11.20,73.03,196.53,,
4/1/1957,110.83,11.11,89.25,9.70,54.97,98.22,,
3/1/1957,112.40,11.65,126.93,9.00,39.03,52.96,,
2/1/1957,119.00,12.87,211.22,7.98,27.36,36.10,,
1/1/1957,127.09,13.75,289.58,8.62,23.30,35.99,,
12/1/1956,146.39,13.78,348.66,8.48,23.93,40.54,,
11/1/1956,162.24,16.24,396.59,8.98,28.37,49.15,,
10/1/1956,178.67,17.30,398.63,9.88,33.65,63.86,,
9/1/1956,186.11,16.48,384.26,10.06,41.29,82.96,,
8/1/1956,201.85,18.05,358.43,10.57,49.49,95.94,,
7/1/1956,195.04,19.00,307.85,10.63,59.91,95.02,,
6/1/1956,149.93,16.40,183.41,9.88,58.94,128.97,,
5/1/1956,113.68,13.57,111.05,9.57,45.68,144.26,,
4/1/1956,100.80,10.75,94.07,8.68,28.71,76.88,,
3/1/1956,101.04,10.22,127.21,8.74,20.86,47.99,,
2/1/1956,96.67,10.19,191.98,8.60,15.11,44.95,,
1/1/1956,97.77,11.07,258.12,8.85,11.69,51.52,,
12/1/1955,111.18,11.25,344.03,9.96,15.10,60.23,,
11/1/1955,123.49,11.94,399.53,9.68,20.66,70.70,,
10/1/1955,133.36,12.71,400.01,9.09,27.04,92.54,,
9/1/1955,146.21,13.85,383.34,8.74,39.78,110.72,,
8/1/1955,165.68,19.16,354.48,8.77,51.72,124.03,,
7/1/1955,178.27,20.53,314.31,9.71,61.78,120.99,,
6/1/1955,149.76,18.80,202.49,8.52,59.67,146.75,,
5/1/1955,113.68,14.90,132.16,7.74,51.61,140.99,,
4/1/1955,101.47,11.72,109.30,7.36,38.90,77.61,,
3/1/1955,104.78,12.92,126.56,7.87,27.84,50.64,,
2/1/1955,100.97,12.81,164.78,7.78,26.25,47.96,,
1/1/1955,106.69,11.82,219.31,8.71,26.54,57.36,,
12/1/1954,118.59,11.26,247.10,8.14,31.40,68.57,,
11/1/1954,137.57,13.02,288.38,8.90,39.26,79.31,,
10/1/1954,162.97,13.68,279.22,9.45,48.80,97.29,,
9/1/1954,195.65,13.68,270.45,10.81,54.09,108.80,,
8/1/1954,220.01,18.02,249.26,11.46,61.01,124.91,,
7/1/1954,240.92,20.61,202.95,12.23,69.17,122.15,,
6/1/1954,190.74,17.88,132.24,11.15,65.34,135.25,,
5/1/1954,161.72,14.88,82.29,10.76,52.98,126.32,,
4/1/1954,138.14,12.53,98.17,10.11,38.61,69.43,,
3/1/1954,132.95,12.54,148.04,9.46,23.07,46.42,,
2/1/1954,141.90,12.54,211.13,10.41,16.55,43.71,,
1/1/1954,166.52,13.77,254.07,13.46,14.62,52.66,,
12/1/1953,183.09,15.66,294.54,14.72,15.51,59.67,,
11/1/1953,205.44,17.39,354.40,17.49,20.17,72.35,,
10/1/1953,221.92,21.00,374.99,19.95,28.56,92.42,,
9/1/1953,239.99,20.47,398.37,22.21,40.56,117.54,,
8/1/1953,249.71,23.34,389.59,20.82,49.44,142.87,,
7/1/1953,249.17,24.21,310.84,21.91,58.70,146.62,,
6/1/1953,220.23,21.09,149.95,17.58,57.90,158.10,,
5/1/1953,189.23,16.49,106.13,16.00,57.25,142.23,,
4/1/1953,163.52,12.45,146.54,12.55,41.21,70.57,,
3/1/1953,148.20,10.68,240.97,11.32,36.08,43.92,,
2/1/1953,152.58,10.09,358.92,11.81,41.71,46.46,,
1/1/1953,180.85,11.75,460.91,14.90,46.51,56.08,,
12/1/1952,204.64,11.12,509.46,16.14,52.12,63.33,,
11/1/1952,230.18,11.64,582.58,13.07,57.63,72.46,,
10/1/1952,244.82,11.89,558.33,14.90,68.59,93.36,,
9/1/1952,243.30,11.72,539.87,13.53,82.38,106.54,,
8/1/1952,228.59,15.95,477.28,13.84,90.26,116.35,,
7/1/1952,206.01,16.70,346.63,13.72,95.94,106.77,,
6/1/1952,171.19,16.35,186.38,12.54,100.75,109.25,,
5/1/1952,115.73,10.70,106.65,9.77,84.10,83.10,,
4/1/1952,87.90,7.42,135.48,7.23,49.81,41.61,,
3/1/1952,86.92,7.74,205.31,6.41,31.30,24.83,,
2/1/1952,78.33,7.47,289.72,6.21,23.82,29.81,,
1/1/1952,82.63,6.06,345.68,5.24,22.64,38.98,,
12/1/1951,91.72,6.25,386.71,5.86,24.68,47.95,,
11/1/1951,100.76,7.06,420.93,5.44,30.90,59.90,,
10/1/1951,120.76,8.12,425.80,7.73,42.81,80.50,,
9/1/1951,136.94,8.49,413.44,9.47,56.10,101.47,,
8/1/1951,147.20,11.62,426.29,10.07,70.12,116.90,,
7/1/1951,134.21,13.62,292.61,10.48,74.76,110.11,,
6/1/1951,101.10,11.07,125.45,9.42,77.23,108.04,,
5/1/1951,83.35,9.39,67.59,7.99,66.30,76.87,,
4/1/1951,71.11,8.33,82.27,6.49,39.88,42.70,,
3/1/1951,62.53,7.01,120.13,6.00,23.23,37.45,,
2/1/1951,52.41,5.55,189.56,6.08,19.19,46.98,,
1/1/1951,52.52,6.86,249.95,6.68,20.90,64.11,,
12/1/1950,63.12,6.44,272.94,7.10,21.93,77.07,,
11/1/1950,79.39,7.97,318.58,8.44,30.20,92.78,,
10/1/1950,88.64,9.73,317.78,10.69,41.43,113.27,,
9/1/1950,101.65,10.56,334.09,13.06,55.03,129.47,,
8/1/1950,117.22,13.17,330.67,14.33,70.41,137.64,,
7/1/1950,108.26,16.17,240.93,13.81,79.04,126.89,,
6/1/1950,79.72,12.41,98.73,10.53,74.10,107.37,,
5/1/1950,60.91,9.04,58.05,8.22,57.60,76.46,,
4/1/1950,55.78,8.40,56.09,7.27,35.27,35.45,,
3/1/1950,57.49,6.97,106.53,6.87,20.77,20.78,,
2/1/1950,60.31,7.20,168.53,6.65,13.42,21.30,,
1/1/1950,65.14,6.91,204.11,6.76,12.73,28.65,,
12/1/1949,76.30,7.27,247.86,7.01,13.72,33.49,,
11/1/1949,95.87,11.83,301.78,9.86,17.41,36.28,,
10/1/1949,113.52,15.97,325.94,14.27,23.28,43.85,,
9/1/1949,126.43,18.12,364.85,19.57,32.59,50.55,,
8/1/1949,135.19,19.93,339.05,22.47,39.43,54.76,,
7/1/1949,132.93,21.25,255.48,26.21,46.92,50.56,,
6/1/1949,95.83,15.70,111.95,23.31,54.27,46.61,,
5/1/1949,75.33,9.93,54.56,16.30,48.67,34.02,,
4/1/1949,63.30,6.65,82.34,10.48,33.64,15.15,,
3/1/1949,58.28,6.86,164.89,9.85,25.86,13.28,,
2/1/1949,60.17,5.85,258.37,8.56,27.46,19.22,,
1/1/1949,72.73,6.00,322.78,8.00,27.78,27.25,,
12/1/1948,86.93,5.82,351.70,7.67,32.71,33.29,,
11/1/1948,102.81,7.17,377.53,9.11,47.47,40.96,,
10/1/1948,131.75,10.16,408.00,14.89,65.97,54.82,,
9/1/1948,152.21,13.37,434.02,16.97,88.31,69.97,,
8/1/1948,160.82,17.21,408.71,19.29,97.39,82.91,,
7/1/1948,160.19,21.02,297.88,20.32,106.04,82.60,,
6/1/1948,118.91,18.32,113.49,17.28,102.59,86.47,,
5/1/1948,88.33,10.57,54.18,11.89,90.11,64.76,,
4/1/1948,74.36,7.46,67.20,6.65,65.56,38.98,,
3/1/1948,85.72,8.79,110.01,7.84,52.59,44.69,,
2/1/1948,82.68,7.24,140.30,8.09,38.99,59.32,,
1/1/1948,96.23,8.29,146.23,9.35,29.30,71.64,,
12/1/1947,127.21,6.96,158.18,9.56,30.71,85.59,,
11/1/1947,155.47,9.36,182.26,10.81,36.28,94.52,,
10/1/1947,179.36,9.73,195.58,14.11,43.85,108.78,,
9/1/1947,174.21,10.92,196.99,16.55,54.17,126.16,,
8/1/1947,169.88,12.89,180.22,17.11,65.56,139.57,,
7/1/1947,148.95,13.25,97.07,16.89,74.25,128.25,,
6/1/1947,95.74,9.78,64.58,15.70,72.30,116.70,,
5/1/1947,55.04,5.77,53.03,10.60,69.39,83.55,,
4/1/1947,70.78,6.20,59.86,8.84,51.61,44.72,,
3/1/1947,92.94,6.50,93.78,13.14,56.04,54.84,,
2/1/1947,60.54,4.33,140.78,9.11,44.16,63.41,,
1/1/1947,62.63,3.20,175.95,10.38,33.87,79.39,,
12/1/1946,98.78,3.11,193.89,10.86,38.59,96.71,,
11/1/1946,131.33,3.48,190.41,12.17,48.36,106.87,,
10/1/1946,150.17,4.92,205.84,15.51,63.38,123.92,,
9/1/1946,149.83,5.67,219.68,16.53,74.22,134.55,,
8/1/1946,168.61,8.24,189.57,19.19,75.77,134.51,,
7/1/1946,163.70,12.12,122.85,17.41,85.95,108.18,,
6/1/1946,154.58,9.66,75.37,15.39,81.91,77.53,,
5/1/1946,164.83,10.38,68.61,13.07,61.89,42.72,,
4/1/1946,189.63,9.11,90.19,9.18,28.40,26.98,,
3/1/1946,233.93,9.36,117.88,9.92,14.73,17.80,,
2/1/1946,256.53,8.95,139.52,14.84,11.18,20.61,,
1/1/1946,261.90,8.21,123.27,18.12,14.13,27.26,,
12/1/1945,210.05,5.75,106.78,13.87,16.93,28.82,,
11/1/1945,183.57,5.89,101.77,11.54,23.83,32.68,,
10/1/1945,144.60,5.21,113.93,15.26,33.16,46.49,,
9/1/1945,124.61,7.03,134.45,17.20,44.35,62.73,,
8/1/1945,107.12,6.41,149.66,18.26,58.69,74.08,,
7/1/1945,96.94,8.12,133.79,20.18,89.32,72.61,,
6/1/1945,103.15,7.54,106.53,18.87,89.78,67.51,,
5/1/1945,115.05,7.00,117.74,17.88,86.06,42.13,,
4/1/1945,131.11,6.59,144.05,16.07,63.68,22.35,,
3/1/1945,149.26,8.89,213.07,15.03,50.81,22.89,,
2/1/1945,155.62,7.53,305.36,12.72,41.50,28.77,,
1/1/1945,195.75,8.52,383.30,14.62,37.62,35.34,,
12/1/1944,234.65,,379.43,14.48,30.39,35.66,,
11/1/1944,261.04,,375.50,16.72,34.95,30.31,,
10/1/1944,283.70,,372.30,21.66,45.78,36.57,,
9/1/1944,268.93,,379.24,32.25,59.68,47.09,,
8/1/1944,229.38,,286.59,34.60,69.74,48.34,,
7/1/1944,213.18,,209.85,33.17,68.73,36.64,,
6/1/1944,172.87,,130.13,31.27,60.61,24.84,,
5/1/1944,120.82,,105.05,23.21,40.05,14.56,,
4/1/1944,100.03,,111.68,17.70,23.82,9.76,,
3/1/1944,91.26,,180.09,13.78,15.98,5.16,,
2/1/1944,79.62,,204.24,9.66,10.96,5.51,,
1/1/1944,74.50,,212.65,7.81,4.58,8.14,,
12/1/1943,80.21,,215.14,10.28,3.52,7.66,,
11/1/1943,83.07,,224.52,11.65,6.41,11.38,,
10/1/1943,88.35,,265.18,12.57,10.91,19.01,,
9/1/1943,93.44,,289.38,19.75,20.07,30.00,,
8/1/1943,100.02,,265.18,24.89,30.57,37.68,,
7/1/1943,120.50,,205.17,34.82,46.34,35.56,,
6/1/1943,122.47,,85.34,26.46,50.53,26.86,,
5/1/1943,107.41,,65.40,17.90,44.06,12.74,,
4/1/1943,83.16,,68.40,11.26,29.76,8.01,,
3/1/1943,69.21,,94.88,7.60,22.73,12.13,,
2/1/1943,66.38,,129.07,5.49,20.97,18.94,,
1/1/1943,64.37,,188.25,5.31,18.08,28.25,,
12/1/1942,81.16,,232.58,5.71,14.80,31.41,,
11/1/1942,107.25,,258.58,7.11,17.67,35.46,,
10/1/1942,127.20,,278.88,8.18,24.48,45.76,,
9/1/1942,130.82,,298.16,8.12,31.73,55.77,,
8/1/1942,123.50,,288.23,8.23,37.55,59.64,,
7/1/1942,109.70,,176.15,7.94,44.23,50.03,,
6/1/1942,96.51,,96.51,6.43,37.67,21.13,,
5/1/1942,75.05,,74.16,4.78,29.59,8.25,,
4/1/1942,60.44,,101.23,4.09,20.61,9.17,,
3/1/1942,54.80,,169.61,3.31,18.00,12.80,,
2/1/1942,52.53,,258.35,3.21,14.66,19.75,,
1/1/1942,54.53,,326.18,3.64,13.79,28.04,,
12/1/1941,60.65,,390.28,4.13,14.94,30.43,,
11/1/1941,68.14,,402.58,4.72,17.97,36.22,,
10/1/1941,73.33,,393.42,4.38,21.97,46.97,,
9/1/1941,81.02,,405.52,4.45,28.95,59.35,,
8/1/1941,89.08,,378.38,4.70,35.16,65.34,,
7/1/1941,88.23,,313.63,5.12,41.46,60.63,,
6/1/1941,55.69,,123.36,4.43,33.82,31.89,,
5/1/1941,35.04,,69.12,3.82,28.93,11.87,,
4/1/1941,25.61,,86.10,3.41,21.99,15.23,,
3/1/1941,25.65,,141.84,3.19,19.81,21.09,,
2/1/1941,31.82,,217.91,3.34,18.31,29.50,,
1/1/1941,35.76,,262.40,3.25,16.25,36.72,,
12/1/1940,42.20,,260.24,3.46,11.82,40.21,,
11/1/1940,49.48,,300.80,3.58,12.39,43.72,,
10/1/1940,58.71,,323.81,4.26,17.04,53.71,,
9/1/1940,60.48,,298.64,4.45,20.33,63.81,,
8/1/1940,64.02,,258.43,4.41,24.53,65.47,,
7/1/1940,62.96,,178.62,4.80,27.83,52.31,,
6/1/1940,54.38,,87.10,4.19,23.60,26.50,,
5/1/1940,37.50,,63.61,3.50,15.84,8.03,,
4/1/1940,26.69,,67.98,2.97,11.10,7.99,,
3/1/1940,22.36,,110.51,2.46,12.28,9.99,,
2/1/1940,22.16,,155.13,1.89,12.93,14.21,,
1/1/1940,21.89,,183.87,1.84,13.68,17.37,,
12/1/1939,22.12,,200.89,1.79,11.98,17.41,,
11/1/1939,23.65,,210.14,1.96,10.91,17.83,,
10/1/1939,26.84,,213.79,2.41,13.97,22.37,,
9/1/1939,31.96,,227.08,2.77,18.39,26.96,,
8/1/1939,37.68,,221.16,2.93,20.88,28.26,,
7/1/1939,42.42,,151.92,3.54,23.82,22.76,,
6/1/1939,37.63,,73.77,3.17,18.50,18.11,,
5/1/1939,28.02,,51.54,2.61,12.94,3.90,,
4/1/1939,23.75,,59.33,2.32,9.63,3.79,,
3/1/1939,21.82,,82.54,1.86,8.82,5.71,,
2/1/1939,24.02,,98.22,1.97,9.04,8.63,,
1/1/1939,23.34,,118.21,2.15,9.70,11.94,,
12/1/1938,24.04,,141.18,2.13,9.02,12.93,,
11/1/1938,29.48,,167.17,2.12,11.30,14.74,,
10/1/1938,37.99,,190.35,2.90,15.25,20.12,,
9/1/1938,43.97,,213.43,3.52,20.81,24.56,,
8/1/1938,45.31,,200.67,3.29,22.13,28.02,,
7/1/1938,46.99,,116.31,2.90,24.24,25.50,,
6/1/1938,41.18,,65.00,2.29,19.92,19.70,,
5/1/1938,31.96,,47.48,2.38,15.33,5.21,,
4/1/1938,25.17,,54.92,1.89,11.64,7.32,,
3/1/1938,29.25,,91.02,1.93,12.22,12.31,,
2/1/1938,34.11,,143.67,1.84,14.14,17.44,,
1/1/1938,43.19,,203.60,2.17,15.00,21.92,,
12/1/1937,62.85,,261.95,2.95,13.04,25.11,,
11/1/1937,85.65,,316.67,4.57,14.10,26.75,,
10/1/1937,111.75,,328.38,7.17,17.90,30.42,,
9/1/1937,135.26,,325.04,9.81,25.47,37.76,,
8/1/1937,148.04,,321.67,10.49,27.98,40.84,,
7/1/1937,159.49,,285.79,10.23,32.70,35.19,,
6/1/1937,121.74,,144.31,8.45,27.13,18.46,,
5/1/1937,78.17,,75.28,5.93,21.40,4.12,,
4/1/1937,59.68,,76.59,3.37,16.30,5.59,,
3/1/1937,43.86,,91.88,2.63,12.70,7.99,,
2/1/1937,26.71,,95.94,1.48,8.05,9.97,,
1/1/1937,26.53,,89.43,1.12,6.08,12.66,,
12/1/1936,35.40,,96.55,1.28,4.84,12.38,,
11/1/1936,47.92,,102.03,1.79,5.05,13.91,,
10/1/1936,61.10,,98.40,2.33,8.07,17.75,,
9/1/1936,66.82,,101.72,2.56,11.87,19.10,,
8/1/1936,82.37,,103.15,2.82,15.46,20.54,,
7/1/1936,84.34,,58.27,3.03,16.55,16.82,,
6/1/1936,71.66,,36.05,2.66,12.53,9.11,,
5/1/1936,49.89,,37.69,1.97,7.35,3.63,,
4/1/1936,34.23,,51.01,1.38,4.96,6.55,,
3/1/1936,33.05,,65.69,1.73,4.35,9.01,,
2/1/1936,33.23,,83.12,2.11,5.61,11.66,,
1/1/1936,37.94,,115.65,2.38,6.40,13.85,,
12/1/1935,44.44,,147.12,2.82,5.11,14.26,,
11/1/1935,56.56,,177.84,3.03,6.47,16.14,,
10/1/1935,75.57,,203.26,3.22,10.06,19.85,,
9/1/1935,86.59,,218.34,3.51,15.85,22.97,,
8/1/1935,102.49,,224.18,3.82,19.86,23.52,,
7/1/1935,116.20,,230.87,4.56,24.90,18.65,,
6/1/1935,105.09,,158.68,4.69,19.31,9.57,,
5/1/1935,89.39,,123.68,3.07,13.94,1.76,,
4/1/1935,75.58,,130.25,2.40,11.61,3.04,,
3/1/1935,62.80,,151.85,1.61,11.08,4.77,,
2/1/1935,40.36,,181.25,1.52,11.06,6.65,,
1/1/1935,26.99,,167.97,1.45,7.36,8.39,,
12/1/1934,24.26,,166.35,1.36,4.14,9.49,,
11/1/1934,27.87,,165.85,1.28,3.35,11.15,,
10/1/1934,36.26,,167.44,2.02,7.31,14.50,,
9/1/1934,44.48,,184.33,3.05,11.97,19.18,,
8/1/1934,51.96,,177.29,4.18,16.11,19.94,,
7/1/1934,58.38,,129.76,4.01,18.43,15.73,,
6/1/1934,50.71,,81.99,2.89,15.14,6.50,,
5/1/1934,41.82,,75.77,2.51,11.70,1.62,,
4/1/1934,35.26,,128.50,1.89,10.84,2.77,,
3/1/1934,33.16,,194.92,1.49,12.53,4.06,,
2/1/1934,27.97,,228.18,1.59,12.18,5.71,,
1/1/1934,23.16,,212.73,1.81,9.32,7.26,,
12/1/1933,18.95,,175.81,1.84,4.96,7.82,,
11/1/1933,19.61,,165.89,1.77,5.07,9.18,,
10/1/1933,21.54,,153.03,1.82,6.87,12.77,,
9/1/1933,23.48,,153.88,1.68,9.50,15.74,,
8/1/1933,26.52,,143.09,2.03,11.49,16.73,,
7/1/1933,29.28,,101.79,2.77,13.13,14.59,,
6/1/1933,27.84,,61.85,2.90,10.21,12.00,,
5/1/1933,23.32,,60.18,2.97,7.12,1.03,,
4/1/1933,14.14,,78.59,1.98,3.93,2.59,,
3/1/1933,12.94,,120.54,1.31,3.49,4.29,,
2/1/1933,14.98,,159.06,1.01,3.96,5.99,,
1/1/1933,17.86,,194.97,1.01,4.69,7.29,,
12/1/1932,22.43,,225.22,1.02,4.98,8.27,,
11/1/1932,26.84,,241.15,1.06,5.14,9.60,,
10/1/1932,31.38,,248.27,1.22,6.43,11.42,,
9/1/1932,35.66,,244.15,1.78,8.40,13.85,,
8/1/1932,36.15,,187.05,1.95,11.04,14.27,,
7/1/1932,37.81,,141.76,2.32,13.26,10.32,,
6/1/1932,25.36,,69.24,1.99,8.74,5.12,,
5/1/1932,20.87,,53.46,1.98,7.44,2.30,,
4/1/1932,20.86,,81.56,1.91,6.99,3.37,,
3/1/1932,24.06,,129.57,1.98,6.91,3.36,,
2/1/1932,25.21,,180.88,1.89,7.12,2.78,,
1/1/1932,28.84,,215.79,2.69,6.20,3.09,,
12/1/1931,31.20,,244.75,2.37,6.63,3.90,,
11/1/1931,34.08,,266.49,2.53,8.60,4.82,,
10/1/1931,41.51,,270.52,3.06,14.75,6.35,,
9/1/1931,47.33,,271.09,3.57,19.58,8.56,,
8/1/1931,52.13,,215.42,4.08,18.40,7.02,,
7/1/1931,55.65,,122.99,4.68,18.54,4.57,,
6/1/1931,54.89,,77.14,4.63,12.13,4.63,,
5/1/1931,47.22,,64.13,4.33,7.47,2.75,,
4/1/1931,43.52,,92.31,4.32,5.64,3.60,,
3/1/1931,42.43,,124.65,3.98,5.65,4.50,,
2/1/1931,45.83,,157.17,4.48,7.10,5.88,,
1/1/1931,46.82,,174.24,4.82,8.63,7.47,,
12/1/1930,49.91,,176.85,4.64,8.18,8.74,,
11/1/1930,57.27,,189.69,5.19,9.82,10.40,,
10/1/1930,64.15,,206.42,5.17,13.34,13.00,,
9/1/1930,69.80,,217.94,5.41,17.51,14.39,,
8/1/1930,72.69,,178.70,4.67,17.65,11.95,,
7/1/1930,77.23,,145.08,5.32,18.23,9.82,,
6/1/1930,70.39,,84.67,5.19,14.98,6.32,,
5/1/1930,51.90,,75.91,4.99,11.96,3.72,,
4/1/1930,39.00,,119.20,4.11,8.31,5.17,,
3/1/1930,32.12,,176.13,3.16,6.62,5.87,,
2/1/1930,31.09,,229.40,2.64,5.73,6.42,,
1/1/1930,35.76,,247.82,3.06,6.38,7.20,,
12/1/1929,39.88,,256.29,2.46,3.05,8.45,,
11/1/1929,51.44,,285.11,2.53,3.72,10.31,,
10/1/1929,60.66,,289.75,3.11,5.64,11.55,,
9/1/1929,67.49,,291.05,3.25,8.42,14.47,,
8/1/1929,72.12,,245.80,4.01,10.97,13.06,,
7/1/1929,77.05,,151.81,5.62,13.75,10.47,,
6/1/1929,60.19,,66.70,5.47,9.11,6.26,,
5/1/1929,41.64,,66.05,4.32,5.52,4.77,,
4/1/1929,22.46,,103.88,2.11,4.59,6.21,,
3/1/1929,17.60,,173.62,1.69,6.11,6.05,,
2/1/1929,18.90,,245.71,1.82,7.75,6.51,,
1/1/1929,17.26,,285.63,1.95,6.70,7.21,,
12/1/1928,20.65,,289.83,1.28,7.25,8.37,,
11/1/1928,28.25,,306.95,1.83,8.73,9.52,,
10/1/1928,37.63,,323.40,3.25,14.38,11.40,,
9/1/1928,44.02,,264.04,4.02,17.27,11.91,,
8/1/1928,50.67,,164.97,4.40,19.10,10.97,,
7/1/1928,54.97,,105.65,4.41,19.79,9.35,,
6/1/1928,45.57,,65.67,3.79,12.35,5.24,,
5/1/1928,26.70,,76.64,2.96,6.29,4.17,,
4/1/1928,19.46,,126.89,1.99,5.09,5.17,,
3/1/1928,17.24,,181.07,1.30,5.16,5.82,,
2/1/1928,18.55,,214.61,1.16,5.98,6.45,,
1/1/1928,23.26,,220.85,1.36,7.03,7.57,,
12/1/1927,28.72,,211.74,1.21,7.09,8.58,,
11/1/1927,39.71,,204.61,1.86,8.59,9.72,,
10/1/1927,50.95,,193.73,2.94,13.36,11.02,,
9/1/1927,60.66,,177.88,4.07,17.56,12.13,,
8/1/1927,67.43,,150.26,4.45,20.14,12.19,,
7/1/1927,72.35,,97.65,4.56,20.33,10.82,,
6/1/1927,59.60,,55.24,3.17,13.70,5.91,,
5/1/1927,38.08,,49.38,2.81,7.49,1.77,,
4/1/1927,25.27,,77.67,2.23,6.11,2.67,,
3/1/1927,21.31,,119.99,1.93,6.69,3.07,,
2/1/1927,23.51,,133.10,1.81,6.24,3.24,,
1/1/1927,24.00,,120.71,1.87,4.99,3.88,,
12/1/1926,26.65,,117.37,1.70,4.76,4.76,,
11/1/1926,32.37,,124.57,2.39,5.54,5.19,,
10/1/1926,43.53,,129.26,3.29,9.40,6.13,,
9/1/1926,51.50,,120.12,3.35,14.06,7.14,,
8/1/1926,55.71,,98.31,2.35,16.59,7.22,,
7/1/1926,59.85,,57.96,1.82,16.10,6.76,,
6/1/1926,50.44,,27.15,1.55,11.63,5.17,,
5/1/1926,27.01,,29.91,1.44,5.28,3.54,,
4/1/1926,19.76,,54.29,1.11,3.94,5.71,,
3/1/1926,22.88,,93.08,1.34,4.89,7.16,,
2/1/1926,26.97,,131.94,1.35,5.73,8.84,,
1/1/1926,36.45,,168.53,1.54,6.04,10.02,,
12/1/1925,46.89,,180.65,1.91,6.88,11.50,,
11/1/1925,67.27,,201.25,2.00,9.18,12.98,,
10/1/1925,87.68,,218.51,2.09,14.71,15.45,,
9/1/1925,101.60,,231.24,2.29,19.80,17.09,,
8/1/1925,111.95,,199.64,2.34,21.43,17.42,,
7/1/1925,114.03,,130.13,2.95,21.28,15.74,,
6/1/1925,76.73,,48.78,3.33,11.92,8.99,,
5/1/1925,45.86,,42.56,3.17,6.97,3.98,,
4/1/1925,28.60,,77.99,2.53,6.39,5.39,,
3/1/1925,29.14,,121.82,2.23,7.81,6.42,,
2/1/1925,29.44,,164.05,2.26,8.50,7.71,,
1/1/1925,37.03,,186.57,2.92,7.05,9.06,,
12/1/1924,41.78,,201.73,2.27,5.03,10.10,,
11/1/1924,52.94,,215.77,2.09,7.32,11.63,,
10/1/1924,68.08,,227.28,1.72,11.24,14.08,,
9/1/1924,76.77,,199.04,2.17,13.05,16.09,,
8/1/1924,79.94,,164.49,2.31,13.20,14.51,,
7/1/1924,82.98,,126.72,2.49,13.02,10.63,,
6/1/1924,71.02,,82.07,2.01,8.04,6.66,,
5/1/1924,43.77,,71.64,2.00,3.38,5.20,,
4/1/1924,27.59,,98.80,1.72,3.11,6.35,,
3/1/1924,24.63,,148.75,1.79,4.50,7.42,,
2/1/1924,24.11,,195.00,2.75,6.31,8.62,,
1/1/1924,34.39,,217.07,3.56,7.10,9.65,,
12/1/1923,41.21,,210.65,4.45,7.44,10.93,,
11/1/1923,54.52,,213.22,5.77,11.10,12.21,,
10/1/1923,65.29,,189.12,6.64,15.00,13.13,,
9/1/1923,75.60,,154.38,5.76,18.62,13.51,,
8/1/1923,89.27,,120.20,5.98,20.52,13.24,,
7/1/1923,91.81,,72.28,4.52,16.09,9.34,,
6/1/1923,73.03,,33.77,3.63,7.12,2.15,,
5/1/1923,47.93,,30.69,3.46,2.84,2.31,,
4/1/1923,34.61,,46.80,3.47,2.72,2.65,,
3/1/1923,28.21,,84.82,3.38,3.90,3.20,,
2/1/1923,27.73,,117.90,3.31,5.28,4.00,,
1/1/1923,31.59,,128.96,3.72,5.38,4.64,,
12/1/1922,37.55,,114.57,2.31,4.34,5.30,,
11/1/1922,45.34,,103.91,2.07,6.70,6.02,,
10/1/1922,50.77,,98.77,2.88,11.48,6.94,,
9/1/1922,55.79,,86.22,2.86,16.75,7.64,,
8/1/1922,61.52,,71.72,3.91,20.56,7.97,,
7/1/1922,68.50,,51.20,6.44,20.20,7.76,,
6/1/1922,63.19,,37.51,7.52,10.01,3.29,,
5/1/1922,49.01,,38.52,6.84,3.66,2.17,,
4/1/1922,44.30,,64.68,5.99,3.17,2.44,,
3/1/1922,50.20,,103.49,5.90,2.57,2.93,,
2/1/1922,66.26,,149.44,6.75,3.11,3.84,,
1/1/1922,76.52,,182.16,8.71,4.67,4.51,,
12/1/1921,88.84,,194.49,15.88,5.79,5.20,,
11/1/1921,100.67,,200.71,25.13,9.00,5.72,,
10/1/1921,114.06,,219.96,38.52,11.86,6.24,,
9/1/1921,122.40,,208.89,59.30,15.10,6.68,,
8/1/1921,119.97,,150.59,78.08,15.60,6.41,,
7/1/1921,120.25,,93.99,68.03,14.67,6.02,,
6/1/1921,89.72,,60.01,56.70,7.21,4.35,,
5/1/1921,68.66,,67.15,49.00,4.26,.87,,
4/1/1921,58.46,,87.59,25.33,3.77,.87,,
3/1/1921,67.01,,129.20,11.02,5.00,1.18,,
2/1/1921,77.47,,161.80,2.30,5.24,1.80,,
1/1/1921,95.30,,170.05,4.31,3.99,2.43,,
12/1/1920,130.62,,156.96,5.74,4.65,2.83,,
11/1/1920,170.46,,144.45,2.58,7.25,3.50,,
10/1/1920,196.89,,148.92,3.52,13.18,4.55,,
9/1/1920,223.15,,132.10,5.78,18.38,5.69,,
8/1/1920,252.04,,106.68,7.79,23.11,6.03,,
7/1/1920,261.81,,55.55,10.29,20.64,5.18,,
6/1/1920,223.31,,44.86,9.41,9.69,3.21,,
5/1/1920,184.20,,47.27,7.89,4.33,1.33,,
4/1/1920,166.24,,61.42,8.32,4.36,1.85,,
3/1/1920,162.07,,90.51,7.82,4.90,3.20,,
2/1/1920,159.28,,131.14,7.26,7.35,4.39,,
1/1/1920,162.64,,155.26,7.28,9.57,5.38,,
12/1/1919,163.91,,144.21,7.72,11.12,6.36,,
11/1/1919,184.59,,139.21,7.62,15.55,7.07,,
10/1/1919,221.73,,142.19,6.51,23.58,8.67,,
9/1/1919,265.29,,128.90,8.01,28.07,10.12,,
8/1/1919,294.51,,104.71,11.36,30.70,10.61,,
7/1/1919,298.82,,61.54,12.76,26.03,9.04,,
6/1/1919,229.67,,34.75,9.04,15.07,6.34,,
5/1/1919,224.31,,36.97,8.65,9.46,1.58,,
4/1/1919,194.47,,46.59,5.28,7.45,1.77,,
3/1/1919,185.14,,71.39,4.05,7.35,2.10,,
2/1/1919,180.96,,108.22,3.15,5.84,3.09,,
1/1/1919,154.64,,117.98,2.43,4.36,4.24,,
12/1/1918,190.08,,118.60,3.86,2.75,5.94,,
11/1/1918,212.73,,117.79,3.35,4.11,7.32,,
10/1/1918,268.02,,116.55,5.60,9.42,8.51,,
9/1/1918,276.11,,104.63,7.86,12.48,9.69,,
8/1/1918,292.11,,61.66,6.32,15.28,10.51,,
7/1/1918,315.57,,41.66,7.40,13.90,4.74,,
6/1/1918,235.66,,23.50,5.41,8.50,3.15,,
5/1/1918,179.03,,25.35,4.19,3.30,6.49,,
4/1/1918,119.22,,39.77,2.77,2.66,3.02,,
3/1/1918,100.45,,72.29,2.72,2.77,3.55,,
2/1/1918,108.73,,96.65,3.91,3.48,4.08,,
1/1/1918,109.35,,91.56,4.38,3.79,4.38,,
12/1/1917,103.01,,77.53,3.51,4.75,3.24,,
11/1/1917,118.39,,74.73,4.37,6.40,3.05,,
10/1/1917,154.19,,65.00,4.87,4.70,2.89,,
9/1/1917,169.79,,63.35,4.95,5.11,3.22,,
8/1/1917,190.91,,66.06,5.90,8.29,3.52,,
